id;first_name;last_name;dob;gender;image_url
1;Adrian;Rodriguez;index Alabama Synergistic;Bedfordshire;salmon neural
2;Tre;Goyette;Mouse Avon;Mouse Seychelles;Maine
3;Carli;King;Pants;Rand;Assurance hack
4;Robb;Kerluke;Cheese;transmit Cedi;IB Yemen
5;Evan;Denesik;responsive back-end;Summit;generate e-services
6;Keyon;Schamberger;B2C Object-based Frozen;Tactics withdrawal;Refined Ecuador Chicken
7;Titus;Olson;drive Reactive;magnetic;mission-critical paradigms Loan
8;Miller;Abernathy;Clothing Soft;Avon connect;Panama Fresh
9;Jettie;Mann;Haiti Regional;auxiliary convergence;reboot
10;Clarabelle;Hettinger;Front-line Dynamic Markets;real-time aggregate Vista;Suriname Way
