id;name;icon;description
1;Freeway;../fake-data/blob/hipster.txt;../fake-data/blob/hipster.txt
2;Keyboard Shirt multimedia;../fake-data/blob/hipster.txt;../fake-data/blob/hipster.txt
3;Generic port capacitor;../fake-data/blob/hipster.txt;../fake-data/blob/hipster.txt
4;revolutionize Money;../fake-data/blob/hipster.txt;../fake-data/blob/hipster.txt
5;Security Loan;../fake-data/blob/hipster.txt;../fake-data/blob/hipster.txt
6;Berkshire Orchard;../fake-data/blob/hipster.txt;../fake-data/blob/hipster.txt
7;Administrator silver;../fake-data/blob/hipster.txt;../fake-data/blob/hipster.txt
8;Frozen Account;../fake-data/blob/hipster.txt;../fake-data/blob/hipster.txt
9;harness Developer Incredible;../fake-data/blob/hipster.txt;../fake-data/blob/hipster.txt
10;Soft Fresh groupware;../fake-data/blob/hipster.txt;../fake-data/blob/hipster.txt
