id;type;title;description;image_url;deal_url;posted_by;posted_date;start_date;end_date;original_price;current_price;discount;active;position;approved;country;city;pin_code
1;USA_PAIDDEAL;web-enabled mission-critical Nevada;../fake-data/blob/hipster.txt;../fake-data/blob/hipster.txt;../fake-data/blob/hipster.txt;regional;Minnesota;hierarchy;Florida database;payment Mouse;program orchestrate;Steel;Marshall Configuration Shoes;DASHBOARD_DEAL_BOTTOM_LIST;true;Anguilla;West Malinda;Bedfordshire
2;INDIA_FREEDEAL;Tasty;../fake-data/blob/hipster.txt;../fake-data/blob/hipster.txt;../fake-data/blob/hipster.txt;Fantastic Finland Program;invoice 1080p USB;generate;open-source supply-chains Assurance;Kenya Chicken calculating;5th;redundant;Operations Account;DASHBOARD_DEAL_MIDDLE_LIST;false;Benin;New Dorthyberg;Rustic deposit
3;INDIA_DIWALI;HDD invoice invoice;../fake-data/blob/hipster.txt;../fake-data/blob/hipster.txt;../fake-data/blob/hipster.txt;workforce;Indiana Team-oriented transmitting;Djibouti Saint;yellow Planner;neural;best-of-breed overriding;Chips;array Orchard Fish;DASHBOARD_DEAL_SIDE_LIST;true;Tokelau;Ontario;partnerships
4;INDIA_PAIDDEAL;SDR;../fake-data/blob/hipster.txt;../fake-data/blob/hipster.txt;../fake-data/blob/hipster.txt;Loop system;Territory Cuba Market;e-markets Kids;Tasty New portals;invoice hacking Gateway;protocol 1080p;red;Auto Bouvet Producer;DASHBOARD_DEAL_BOTTOM_LIST;true;Zimbabwe;Apple Valley;Chief Lead
5;INDIA_AKSHYA;connecting;../fake-data/blob/hipster.txt;../fake-data/blob/hipster.txt;../fake-data/blob/hipster.txt;index Massachusetts Tennessee;parse Frozen wireless;Borders invoice Handcrafted;Louisiana;firewall;Rubber Developer Indian;indigo South web-readiness;input transmitter plum;DASHBOARD_DEAL_BOTTOM_LIST;false;Chad;Murray;frictionless Bike teal
6;INDIA_SANKRANTHI;Versatile magenta;../fake-data/blob/hipster.txt;../fake-data/blob/hipster.txt;../fake-data/blob/hipster.txt;Sausages;Underpass deliverables Maryland;Pula Bypass Account;THX system Isle;PCI Versatile;task-force JSON;Belgium;Arizona Principal Chair;DASHBOARD_DEAL_BOTTOM_LIST;false;Bahrain;North Kavon;York red
7;INDIA_AKSHYA;zero Personal Minnesota;../fake-data/blob/hipster.txt;../fake-data/blob/hipster.txt;../fake-data/blob/hipster.txt;Albania customized;Polarised maximize;models;Operations JBOD Mouse;Guernsey AI Licensed;quantifying;Bedfordshire Assurance Steel;haptic;DASHBOARD_DEAL_BOTTOM_LIST;false;Guyana;Warrenton;Integration
8;INDIA_DIWALI;visionary Principal neural;../fake-data/blob/hipster.txt;../fake-data/blob/hipster.txt;../fake-data/blob/hipster.txt;generating;Forward Plastic;Dollar;haptic Car parse;Handmade;azure;firewall deposit Plaza;Generic Oregon;DASHBOARD_DEAL_MIDDLE_LIST;true;Macao;East Antonetta;Kids Sausages withdrawal
9;USA_FREEDEAL;state Cambridgeshire Camp;../fake-data/blob/hipster.txt;../fake-data/blob/hipster.txt;../fake-data/blob/hipster.txt;Trail;GB withdrawal program;client-driven Prairie Principal;facilitate Bedfordshire collaboration;Forward driver;Product e-enable channels;transmitter success benchmark;Dinar Investment Ergonomic;DASHBOARD_DEAL_TOP_LIST;true;Poland;Soniaburgh;facilitate copying
10;INDIA_DIWALI;open-source;../fake-data/blob/hipster.txt;../fake-data/blob/hipster.txt;../fake-data/blob/hipster.txt;Advanced Markets;violet holistic Gardens;Australia Gloves Soft;Legacy;Compatible enable Indiana;generation AGP Grass-roots;Wooden Steel synthesizing;Cambridgeshire;DASHBOARD_DEAL_TOP_LIST;false;Switzerland;Mohrchester;violet
